{"_timestamp":1.7715222728454158e+09,"_step":0,"_runtime":235,"_wandb":{"runtime":235},"eval/perplexity":14.108137210614172,"eval/repetition_rate":0.015985687849382264}