{"total_flos":3.79884642361344e+14,"train_loss":3.2661449737548827,"_timestamp":1.7714984108547e+09,"eval/samples_per_second":0.601,"train_steps_per_second":0.098,"train_samples_per_second":0.391,"eval/steps_per_second":0.076,"eval/runtime":832.3666,"train/learning_rate":9.600000000000001e-06,"eval/loss":2.777634859085083,"train/loss":2.525692367553711,"train/global_step":125,"_step":13,"train_runtime":1278.1161,"train/grad_norm":0.9809015989303589,"_wandb":{"runtime":1274},"train/epoch":1,"_runtime":1274}